{"dpos0": 0.019976802170276642, "dpos1": 0.020872322842478752, "dpos2": 0.022932160645723343, "batch": 63, "_timestamp": 1690825318.4770212, "_runtime": 708.7589592933655, "_step": 65, "Epoch": 1, "loss_train": 3.956016816198826, "acc_train": 0.0874755859375, "loss_valid": 2.8897765742407904, "acc_valid": 0.07354359567901235, "lr_w": 0.00022442853948576123, "lr_pos": 0.09995614150494292, "sigma": 9.6904935836792, "tau_m_0": 10.050000001, "tau_s_0": 0, "w_0": 0.10316059738397598, "tau_m_1": 10.050000001, "tau_s_1": 0, "w_1": 0.07605506479740143, "tau_m_2": 10.050000001, "tau_s_2": 0, "w_2": 0.0748443752527237, "dpos0_epoch": 0.5884491205215454, "dpos1_epoch": 0.5471786260604858, "dpos2_epoch": 0.5929462313652039}